0.0011988,0.069711,0.026078,0.0071677,0.045673,0.11564,0.13121,0.076,0.083501,0.029498,0.023487,0.050797,0.05565,0.11697,0.049662,0.10908,0.12189,0.0017583,0.098936,0.12855,0.0060529,0.04684,0.072674,0.13652,0.099261,0.090513,0.036479,0.0020977,0.14177,0.032395,0.088399,0.13316,0.094695,0.10462,0.037122,0.082988,0.10153,0.091463,0.069566,0.058298,0.076806,0.026952,0.024614,0.050186,0.0080962,0.14343,0.039396,0.096974,0.050401,0.10181,0.1073,0.045711,0.083831,0.10373,0.0086419,0.12135,0.13,0.051384,0.10159,0.040422
0.038678,0.083411,0.066195,0.063044,0.11392,0.14229,0.10724,0.10126,0.10688,0.094025,0.047221,0.020878,0.053305,0.034345,0.084527,0.035012,0.14243,0.078044,0.029587,0.095869,0.11469,0.047191,0.1403,0.0028668,0.1464,0.091668,0.059636,0.064904,0.066453,0.12015,0.11966,0.11811,0.11133,0.090769,0.13918,0.14192,0.13016,0.044463,0.044242,0.039417,0.0021725,0.022667,0.073199,0.032372,0.0031376,0.14707,0.049275,0.020528,0.14575,0.021331,0.067592,0.034822,0.083212,0.046094,0.059525,0.039212,0.095348,0.11579,0.14669,0.023392
0.082864,0.041713,0.00084606,0.099653,0.074356,0.13173,0.11713,0.13179,0.027704,0.043591,0.0019456,0.12352,0.027537,0.075209,0.028685,0.053802,0.062251,0.12463,0.13195,0.13457,0.053695,0.05664,0.027105,0.048148,0.014406,0.094021,0.0092967,0.12598,0.1222,0.020833,0.13947,0.072496,0.10258,0.085039,0.10908,0.14746,0.11933,0.062257,0.050863,0.051561,0.068087,0.12055,0.054478,0.096846,0.079883,0.0066606,0.032196,0.1486,0.09227,0.048016,0.080697,0.11785,0.04862,0.050193,0.0030219,0.04365,0.038647,0.031445,0.02553,0.10521
0.093117,0.014133,0.1365,0.077342,0.078774,0.028138,0.088885,0.10823,0.019437,0.060188,0.14783,0.015022,0.032843,0.027075,0.00249,0.10142,0.089244,0.040767,0.032358,0.10043,0.012216,0.13032,0.10559,0.059939,0.065356,0.11558,0.046725,0.020772,0.13613,0.09264,0.10812,0.067217,0.11715,0.14039,0.043654,0.11676,0.053448,0.015874,0.017292,0.04996,0.024398,0.0044187,0.11316,0.080128,0.037913,0.041961,0.02365,0.052298,0.073621,0.016856,0.065487,0.03753,0.0995,0.079543,0.1173,0.089303,0.019213,0.025742,0.082286,0.009752
0.099414,0.081918,0.11296,0.13929,0.031551,0.061468,0.13184,0.13657,0.041176,0.12533,0.11566,0.037269,0.0010361,0.00071937,0.077799,0.055465,0.14746,0.0468,0.10561,0.053982,0.014038,0.12177,0.013632,0.010154,0.037687,0.0047011,0.10692,0.088619,0.072175,0.076123,0.090269,0.023369,0.008787,0.084187,0.090951,0.0046225,0.094167,0.097162,0.096996,0.050419,0.0033885,0.10147,0.12591,0.072986,0.047481,0.14327,0.10113,0.026424,0.090063,0.0063328,0.13762,0.029485,0.14027,0.089952,0.093435,0.13562,0.03929,0.055322,0.036543,0.022628
0.11557,0.083473,0.0072337,0.015014,0.033286,0.009529,0.14106,0.048059,0.042223,0.12499,0.050294,0.1101,0.10949,0.043198,0.083173,0.021654,0.10716,0.049351,0.13477,0.058318,0.048144,0.12894,0.038096,0.098935,0.033993,0.022744,0.14448,0.07377,0.13939,0.11352,0.11953,0.096561,0.10996,0.10782,0.051614,0.040633,0.12026,0.072638,0.10166,0.012837,0.038616,0.057251,0.043222,0.087422,0.11102,0.027995,0.037799,0.083634,0.12884,0.075588,0.12227,0.023539,0.0038443,0.1049,0.0056281,0.057634,6.2699e-05,0.084216,0.026218,0.034274
0.1137,0.08853,0.11518,0.12089,0.11117,0.12574,0.13477,0.13992,0.10566,0.10841,0.11772,0.031362,0.11716,0.042462,0.023253,0.13193,0.074248,0.12542,0.03828,0.076864,0.1096,0.095178,0.0084516,0.10665,0.11416,0.077093,0.11284,0.098543,0.12615,0.14918,0.0078346,0.12213,0.1385,0.07454,0.0064608,0.12697,0.14545,0.046198,0.0048741,0.1209,0.12666,0.096928,0.12696,0.1249,0.14437,0.1275,0.025992,0.070568,0.12053,0.11536,0.057295,0.029308,0.044955,0.069247,0.093238,0.10837,0.11555,0.096481,0.079979,0.0077768
0.0003552,0.015424,0.13965,0.11583,0.099278,0.14029,0.12879,0.018864,0.034771,0.13449,0.14648,0.14621,0.078879,0.061317,0.10298,0.079536,0.08676,0.14577,0.090779,0.11157,0.02621,0.053364,0.1284,0.14112,0.12707,0.04985,0.08406,0.038058,0.14323,0.11305,0.019185,0.13751,0.12847,0.0052231,0.079615,0.055315,0.12394,0.10336,0.062272,0.11798,0.068117,0.031766,0.0017267,0.099958,0.1202,0.081458,0.12854,0.016336,0.045294,0.088967,0.084339,0.12267,0.11748,0.075677,0.11108,0.0095641,0.028914,0.0058216,0.13947,0.077479
0.068336,0.038267,0.084947,0.014663,0.062408,0.036001,0.028798,0.066917,0.14324,0.063583,0.0057956,0.029119,0.02138,0.13124,0.014773,0.045043,0.10524,0.14342,0.074676,0.080407,0.054569,0.01443,0.019621,0.022754,0.015013,0.054018,0.041644,0.045852,0.0088767,0.067347,0.07238,0.072453,0.13627,0.072648,0.13395,0.08059,0.083283,0.075878,0.13403,0.011904,0.0045725,0.060075,0.12026,0.066269,0.14189,0.14272,0.032685,0.079197,0.062653,0.062891,0.034411,0.054063,0.12449,0.0029525,0.14902,0.084864,0.10491,0.069001,0.042102,0.094007
0.10607,0.089603,0.043851,0.024181,0.078,0.031225,0.11148,0.092339,0.087207,0.0058516,0.06674,0.13446,0.037976,0.059955,0.043181,0.066978,0.054439,0.069754,0.11308,0.068057,0.086504,0.091763,0.081213,0.11801,0.066273,0.048682,0.034857,0.11308,0.11502,0.026082,0.058655,0.055477,0.073202,0.017109,0.14053,0.11332,0.12523,0.099977,0.09257,0.097395,0.13937,0.027227,0.029159,0.01952,0.019493,0.12869,0.055845,0.12561,0.11791,0.084376,0.10132,0.1167,0.061669,0.044406,0.082262,0.0116,0.0072395,0.0079084,0.051199,0.081076
0.035959,0.14272,0.13983,0.0093648,0.06029,0.051119,0.10474,0.026608,0.092507,0.066263,0.060466,0.10541,0.13167,0.040185,0.0089956,0.11605,0.073746,0.1451,0.063966,0.070196,0.040002,0.1344,0.084802,0.059648,0.016345,0.042699,0.0072745,0.039814,0.026826,0.1436,0.11502,0.073367,0.042325,0.099634,0.14119,0.042824,0.046866,0.11816,0.10439,0.094772,0.06981,0.062023,0.081104,0.1147,0.014894,0.049067,0.0011902,0.016791,0.073582,0.076535,0.036179,0.052249,0.10593,0.066176,0.00019072,0.030833,0.13068,0.11815,0.12832,0.0064812
0.12949,0.042711,0.006891,0.14141,0.027733,0.10005,0.14094,0.086543,0.1276,0.075238,0.092192,0.10733,0.13641,0.094024,0.11259,0.017804,0.021241,0.043416,0.021953,0.06438,0.11391,0.11769,0.12587,0.14637,0.067971,0.124,0.044141,0.062248,0.11832,0.032453,0.14871,0.046425,0.077226,0.11364,0.10333,0.1279,0.12042,0.12211,0.093369,0.065359,0.069376,0.055896,0.021125,0.050837,0.074423,0.018172,0.051968,0.10245,0.058974,0.066707,0.092442,0.1467,0.13561,0.081148,0.12258,0.014907,0.14308,0.1445,0.028844,0.12693
0.082503,0.025138,0.081768,0.092305,0.070673,0.11612,0.099189,0.060251,0.098829,0.14931,0.089467,0.10183,0.11064,0.038749,0.11435,0.0899,0.13819,0.0021104,0.015684,0.082539,0.12459,0.1182,0.067611,0.10963,0.054793,0.14357,0.056074,0.0028748,0.13073,0.13271,0.068776,0.014204,0.008731,0.034725,0.081607,0.11451,0.025677,0.12483,0.0034307,0.098614,0.14759,0.12697,0.0082455,0.074634,0.11786,0.068566,0.047907,0.14047,0.13055,0.097454,0.069354,0.0064358,0.097248,0.032734,0.11423,0.11719,0.04,0.093251,0.046877,0.050958
0.14103,0.028956,0.022035,0.095133,0.13446,0.085911,0.062126,0.034597,0.070918,0.096076,0.10793,0.058165,0.11794,0.13816,0.058735,0.00095484,0.059147,0.053913,0.054947,0.10633,0.11498,0.0088504,0.03456,0.049579,0.05362,0.11702,0.0035934,0.14787,0.041243,0.038535,0.0078617,0.0022265,0.095671,0.032573,0.12879,0.053663,0.12068,0.10262,0.036368,0.13636,0.031412,0.0027223,0.063386,0.03328,0.076974,0.059669,0.12437,0.052197,0.14032,0.088112,0.074678,0.13809,0.11426,0.086944,0.065539,0.12937,0.020958,0.0076454,0.074876,0.060924
0.036196,0.10751,0.13485,0.081824,0.042165,0.060071,0.099228,0.08442,0.062549,0.075867,0.13402,0.016388,0.12557,0.037052,0.12039,0.044069,0.017665,0.050565,0.13544,0.086704,0.02478,0.0011769,0.12446,0.075659,0.02356,0.039052,0.13955,0.05933,0.1204,0.032766,0.10079,0.097212,0.050849,0.041587,0.025893,0.079669,0.13905,0.071584,0.12585,0.12039,0.1038,0.091371,0.14262,0.14782,0.013748,0.076121,0.013529,0.059776,0.14105,0.047472,0.068749,0.14157,0.032681,0.092345,0.10715,0.13528,0.015083,0.11412,0.04679,0.0094782
0.00758,0.028782,0.028544,0.088729,0.025684,0.050042,0.010402,0.14755,0.013438,0.043393,0.082995,0.1386,0.031315,0.031771,0.077197,0.089562,0.11042,0.12505,0.0074712,0.054733,0.017069,0.013731,0.11452,0.079524,0.04805,0.13266,0.12255,0.057117,0.12517,0.12006,0.15,0.077216,0.11707,0.023852,0.060004,0.12978,0.10948,0.034998,0.14866,0.087507,0.062701,0.036852,0.071271,0.099133,0.12872,0.071097,0.099084,0.06935,0.081416,0.095748,0.11908,0.0037468,0.13103,0.11138,0.14693,0.039551,0.11984,0.07749,0.084922,0.10067
0.083295,0.071932,0.0026101,0.14931,0.12501,0.048695,0.081363,0.05866,0.096901,0.076225,0.063755,0.13859,0.14956,0.014345,0.027386,0.014287,0.081371,0.099395,0.0064483,0.10555,0.02178,0.078268,0.071931,0.010664,0.09473,0.14355,0.14177,0.04729,0.10178,0.073854,0.10249,0.047595,0.14795,0.086834,0.11599,0.05544,0.013645,0.012959,0.10733,0.048596,0.049426,0.12268,0.092526,0.144,0.0046999,0.013501,0.056983,0.092261,0.11127,0.092138,0.044837,0.075384,0.10755,0.048807,0.083152,0.1093,0.082996,0.13165,0.13001,0.071939
0.052412,0.12359,0.13075,0.13516,0.060191,0.0056339,0.021579,0.005911,0.053245,0.10559,0.031858,0.079979,0.11962,0.016412,0.086967,0.0032226,0.11424,0.11998,0.056706,0.087506,0.017143,0.036789,0.036891,0.091144,0.054718,0.010547,0.080712,0.08503,0.12986,0.084967,0.072259,0.014991,0.068943,0.031752,0.14568,0.093984,0.07885,0.12617,0.044118,0.0056836,0.069866,0.11221,0.046056,0.038922,0.02629,0.036899,0.079989,0.14941,0.030351,0.066859,0.001347,0.025457,0.13512,0.034946,0.05898,0.023084,0.13213,0.12979,0.041594,0.14409
0.13719,0.07994,0.048426,0.029733,0.030144,0.032651,0.099152,0.098819,0.12153,0.013186,0.075184,0.12599,0.095463,0.12347,0.05311,0.13911,0.057909,0.032306,0.021058,0.058989,0.081701,0.055938,0.11428,0.13045,0.017062,0.034113,0.057039,0.12574,0.14525,0.003607,0.14161,0.052682,0.026599,0.067265,0.08759,0.106,0.11682,0.081561,0.0072965,0.13436,0.063924,0.05047,0.10284,0.028033,0.040857,0.076522,0.0091637,0.13254,0.039082,0.054985,0.13958,0.039464,0.058486,0.0028997,0.1172,0.051831,0.066087,0.089977,0.063008,0.10929
0.12553,0.093895,0.083712,0.10317,0.11562,0.097606,0.10673,0.049146,0.058139,0.0060547,0.049944,0.086625,0.032664,0.13544,0.063158,0.039574,0.092693,0.040214,0.12051,0.068017,0.10508,0.026607,0.021119,0.11727,0.10411,0.062371,0.079647,0.048021,0.038941,0.13457,0.040907,0.12779,0.14505,0.13631,0.028547,0.091461,0.12252,0.10221,0.087563,0.019153,0.11569,0.017169,0.082512,0.08257,0.051823,0.14122,0.12247,0.033219,0.061925,0.13411,0.048986,0.10707,0.012934,0.12953,0.051947,0.08652,0.12666,0.069126,0.10198,0.022019
0.019265,0.0069756,0.037443,0.018504,0.039284,0.10834,0.081538,0.11538,0.10854,0.12427,0.04617,0.039781,0.06473,0.09216,0.069829,0.090614,0.089322,0.0021472,0.069495,0.028362,0.12229,0.14792,0.038063,0.12295,0.049341,0.13807,0.14849,0.080068,0.12715,0.06999,0.012578,0.09092,0.0023408,0.069095,0.00099764,0.0066419,0.066663,0.085928,0.12661,0.10171,0.065838,0.12387,0.054609,0.11209,0.039733,0.061669,0.087628,0.10158,0.11041,0.094977,0.12624,0.10596,0.070886,0.12485,0.059142,0.11101,0.0388,0.024363,0.0045787,0.079898
0.018902,0.052638,0.054467,0.11852,0.10432,0.060919,0.043402,0.1058,0.054612,0.10483,0.079715,0.012202,0.016792,0.11687,0.052307,0.043125,0.0011809,0.11671,0.10645,0.11138,0.13182,0.073536,0.088131,0.1444,0.14034,0.05124,0.026026,0.1079,0.13474,0.10345,0.14514,0.10217,0.13524,0.07239,0.14469,0.14796,0.13982,0.042987,0.1392,0.067057,0.040422,0.05055,0.1089,0.13508,0.037034,0.084274,0.0213,0.12505,0.13922,0.089209,0.041798,0.086267,0.11763,0.14168,0.1472,0.074437,0.01314,0.0469,0.091543,0.1402
0.070324,0.12356,0.032637,0.12312,0.014843,0.047145,0.034511,0.14,0.14162,0.11835,0.12368,0.013816,0.015259,0.012616,0.0038287,0.012777,0.015231,0.08791,0.067724,0.12234,0.028846,0.11671,0.084499,0.10248,0.13207,0.010021,0.093179,0.022001,0.0015173,0.093246,0.14145,0.13079,0.083666,0.0092489,0.076045,0.13342,0.12402,0.13679,0.08685,0.10744,0.073806,0.071184,0.1414,0.045655,0.011305,0.11041,0.061493,0.084372,0.093031,0.12662,0.047869,0.13386,0.14632,0.09691,0.013528,0.033088,0.0063354,0.14326,0.059506,0.10299
0.13973,0.058988,0.11581,0.1393,0.069782,0.048975,0.078607,0.11837,0.055877,0.01961,0.14899,0.10253,0.02332,0.015298,0.028806,0.03294,0.1236,0.025854,0.10421,0.045291,0.061894,0.037985,0.085134,0.10226,0.11247,0.010239,0.060038,0.0015239,0.024539,0.14543,0.13604,0.02092,0.11513,0.11464,0.025661,0.034158,0.11363,0.1092,0.13884,0.062458,0.13206,0.024,0.10408,0.092394,0.07088,0.14216,0.00073883,0.12075,0.048337,0.023582,0.034305,0.017971,0.116,0.081588,0.055066,0.10152,0.03145,0.095073,0.095927,0.081836
0.13101,0.020097,0.10863,0.073967,0.071169,0.10842,0.032209,0.11985,0.11593,0.097518,0.023648,0.13412,0.036622,0.015443,0.043255,0.1248,0.094998,0.014473,0.08816,0.045655,0.03084,0.0052529,0.067564,0.070632,0.067693,0.1454,0.050913,0.097823,0.036586,0.07187,0.0078607,0.13969,0.075202,0.12653,0.031539,0.11885,0.063113,0.14139,0.13942,0.0983,0.043464,0.043227,0.08013,0.026783,0.068468,0.015639,0.13225,0.062171,0.058499,0.039757,0.040278,0.03677,0.13155,0.074053,0.0184,0.098533,0.13969,0.12985,0.12462,0.035016
0.068727,0.036839,0.021135,0.136,0.094055,0.11422,0.019017,0.065871,0.058974,0.031609,0.0033856,0.033696,0.026286,0.088428,0.035805,0.08454,0.097299,0.041443,0.11915,0.1144,0.11889,0.074641,0.11178,0.080288,0.068733,0.14694,0.025269,0.11205,0.095707,0.14789,0.10999,0.096556,0.11107,0.13843,0.14352,0.015651,0.1207,0.11382,0.047257,0.0013477,0.0053691,0.02713,0.077159,0.045825,0.12679,0.073588,0.030064,0.12253,0.13321,0.10715,0.063192,0.14085,0.059924,0.045179,0.13014,0.0080159,0.060357,0.021589,0.039514,0.06855
0.047765,0.13308,0.11796,0.099858,0.026435,0.054169,0.13063,0.1217,0.13522,0.0052362,0.11362,0.10096,0.045034,0.09125,0.055058,0.027817,0.050579,0.02955,0.14753,0.015412,0.023731,0.065869,0.015746,0.058732,0.016681,0.078578,0.067933,0.082176,0.059143,0.0092038,0.056837,0.019974,0.040279,0.0049209,0.09665,0.071552,0.032212,0.051971,0.058837,0.10639,0.019462,0.1059,0.13027,0.037966,0.087676,0.096201,0.028824,0.14364,0.034078,0.049708,0.046758,0.061152,0.028767,0.055066,0.078786,0.090847,0.024244,0.078214,0.038799,0.055768
0.090086,0.073165,0.11287,0.0071666,0.11992,0.069944,0.097375,0.062295,0.13407,0.056308,0.054213,0.14596,0.0027934,0.12276,0.0068172,0.091543,0.14695,0.13129,0.072622,0.033449,0.07386,0.010016,0.11477,0.035585,0.14276,0.12456,0.032078,0.024116,0.032433,0.0093401,0.084854,0.018601,0.00036565,0.054685,0.14829,0.096869,0.029683,0.059981,0.14574,0.01086,0.012342,0.05835,0.092923,0.13951,0.12901,0.040834,0.10946,0.14203,0.1107,0.085313,0.072219,0.038231,0.12455,0.065184,0.12423,0.086902,0.051151,0.13532,0.005579,0.097802
0.080863,0.14983,0.058932,0.11902,0.047022,0.14901,0.076575,0.015768,0.017959,0.12639,0.080959,0.027528,0.12476,0.0092821,0.075792,0.0618,0.015423,0.0093212,0.016657,0.13373,0.10529,0.069933,0.085667,0.11461,0.1094,0.12545,0.0063621,0.11009,0.11599,0.049123,0.14367,0.11058,0.04664,0.064811,0.11508,0.028681,0.10858,0.12942,0.080545,0.13379,0.022242,0.091858,0.088165,0.084255,0.018787,0.04164,0.13816,0.12608,0.1286,0.051396,0.023596,0.083626,0.069193,0.036321,0.030543,0.036994,0.017102,0.070858,0.1088,0.12315
0.038694,0.062137,0.12651,0.039217,0.13518,0.045974,0.033039,0.10186,0.13483,0.12889,0.14371,0.037237,0.075932,0.082066,0.076561,0.10107,0.10372,0.034279,0.137,0.085565,0.024416,0.071841,0.084059,0.091535,0.10611,0.13856,0.043923,0.014962,0.066201,0.06058,0.1325,0.11675,0.051906,0.00498,0.14048,0.13278,0.090168,0.058354,0.068803,0.081385,0.0011758,0.042693,0.073999,0.1219,0.04553,0.062387,0.075919,0.062941,0.028888,0.1256,0.010908,0.11241,0.053867,0.14246,0.015523,0.02871,0.13512,0.053947,0.049236,0.022877
0.11957,0.094211,0.065336,0.057944,0.016801,0.0045529,0.10007,0.063517,0.01474,0.10917,0.010142,0.10144,0.1001,0.11238,0.11573,0.13794,0.083617,0.14313,0.14916,0.12025,0.12986,0.042301,0.033045,0.040522,0.1088,0.080669,0.014056,0.091007,0.10315,0.010096,0.025045,0.12543,0.095484,0.14282,0.10678,0.018259,0.11151,0.14752,0.13772,0.12263,0.14083,0.067746,0.081475,0.1159,0.092162,0.05655,0.093505,0.1103,0.12308,0.12616,0.062756,0.0157,0.061484,0.071867,0.057196,0.13059,0.045328,0.12261,0.032917,0.13388
0.13425,0.11938,0.078616,0.026919,0.094183,0.054227,0.099066,0.084392,0.14811,0.12771,0.10536,0.012143,0.10832,0.068419,0.13173,0.027188,0.079296,0.11995,0.098113,0.12852,0.053837,0.025121,0.085057,0.057522,0.054648,0.099981,0.10732,0.022646,0.14445,0.056085,0.032039,0.073153,0.033821,0.1442,0.079314,0.12635,0.054706,0.033593,0.088371,0.04723,0.072875,0.13546,0.07618,0.06433,0.072512,0.12329,0.12309,0.043731,0.021987,0.11701,0.10531,0.075112,0.047557,0.10603,0.083445,0.083187,0.13548,0.095823,0.037522,0.043346
0.021268,0.062013,0.14601,0.018202,0.053085,0.020763,0.00066847,0.14464,0.079878,0.035467,0.038039,0.010269,0.063281,0.075149,0.13653,0.058453,0.050825,0.0022159,0.091716,0.14381,0.12391,0.047848,0.14794,0.1395,0.059541,0.045599,0.0038746,0.11186,0.042303,0.02129,0.12939,0.039799,0.11782,0.078054,0.028857,0.14193,0.11558,0.098811,0.063911,0.1416,0.087022,0.046725,0.019757,0.14861,0.14771,0.0029668,0.14558,0.14063,0.10097,0.033024,0.10562,0.10155,0.13635,0.075612,0.12533,0.090479,0.088455,0.083714,0.13024,0.11984
0.035524,0.067581,0.023168,0.073379,0.13247,0.095359,0.14716,0.065007,0.0065368,0.087804,0.058542,0.072631,0.069373,0.036921,0.046943,0.001042,0.011017,0.10586,0.086927,0.018751,0.033017,0.074926,0.089014,0.11213,0.052635,0.0083503,0.13411,0.048282,0.090922,0.09483,0.10336,0.13007,0.070545,0.037557,0.032844,0.061979,0.021087,0.032097,0.10898,0.084182,0.044372,0.0023902,0.005634,0.14327,0.044029,0.13075,0.028176,0.144,0.014425,0.043286,0.022814,0.03221,0.09327,0.10701,0.032401,0.096888,0.037931,0.018615,0.043627,0.12375
0.0035446,0.13795,0.01109,0.026036,0.07259,0.12212,0.0010825,0.07129,0.028971,0.021853,0.10313,0.073773,0.040359,0.11967,0.0018549,0.12972,0.0066743,0.11467,0.038233,0.11888,0.071373,0.072293,0.14771,0.0056076,0.052741,0.11229,0.051264,0.010208,0.085665,0.016013,0.13221,0.0045806,0.1446,0.051004,0.030593,0.082549,0.053554,0.041441,0.092586,0.062217,0.13756,0.028267,0.01813,0.12241,0.067056,0.018729,0.056831,0.092094,0.10226,0.13981,0.044349,0.013895,0.1334,0.045313,0.11243,0.00075234,0.088175,0.12242,0.048012,0.1123
0.045985,0.13844,0.069651,0.0047378,0.02434,0.054789,0.038498,0.10474,0.07858,0.049685,0.055122,0.098332,0.11236,0.09297,0.065165,0.004458,0.11785,0.093862,0.12315,0.005665,0.13888,0.092111,0.020265,0.08193,0.08457,0.10607,0.021819,0.0026246,0.074366,0.0055446,0.090339,0.055799,0.11722,0.082873,0.016727,0.017924,0.08126,0.14045,0.062058,0.084493,0.072438,0.01065,0.098719,0.14805,0.11435,0.036019,0.1026,0.0064848,0.0077924,0.068865,0.024882,0.12058,0.00022116,0.024901,0.089471,0.1028,0.13107,0.12017,0.021139,0.081627
0.060839,0.1218,0.058425,0.14148,0.12912,0.09867,0.071592,0.083382,0.073058,0.034847,0.12829,0.010939,0.0039969,0.0014887,0.04411,0.089771,0.013434,0.0044542,0.024661,0.14956,0.010995,0.086887,0.13077,0.016187,0.068434,0.10687,0.11344,0.074342,0.10461,0.11367,0.053609,0.067297,0.12494,0.088948,0.0079392,0.0241,0.10011,0.10515,0.093154,0.14977,0.043442,0.029427,0.12162,0.037108,0.08551,4.6719e-05,0.14929,0.13392,0.021461,0.079251,0.12432,0.077289,0.001488,0.063216,0.030091,0.063197,0.0090125,0.049369,0.13632,0.018007
0.052614,0.10522,0.14781,0.087529,0.094152,0.069872,0.10976,0.065624,0.14151,0.067205,0.068434,0.089979,0.091142,0.0085176,0.049982,0.062022,0.1263,0.01236,0.10962,0.020613,0.091614,0.11052,0.048304,0.14796,0.14295,0.069962,0.033546,0.082716,0.13665,0.13874,0.13147,0.064784,0.078482,0.036044,0.12507,0.055732,0.068625,0.14067,0.051276,0.13071,0.10304,0.01854,0.043588,0.049611,0.10021,0.090175,0.10751,0.083538,0.079797,0.13553,0.08023,0.061886,0.0024697,0.018894,0.076585,0.0059812,0.084258,0.12043,0.042865,0.13245
0.034952,0.14779,0.10744,0.096571,0.023953,0.03738,0.062451,0.03362,0.099459,0.0067478,0.011638,0.0067442,0.093761,0.096767,0.013296,0.12433,0.056132,0.089876,0.084992,0.10182,0.12788,0.028418,0.062442,0.040593,0.11102,0.024135,0.12032,0.10692,0.056777,0.089682,0.07196,0.019233,0.071585,0.022582,0.042682,0.14297,0.1485,0.14394,0.11386,0.090888,0.10738,0.078339,0.10984,0.12839,0.064172,0.1417,0.033643,0.025173,0.13514,0.078366,0.023231,0.14311,0.11323,0.024462,0.05173,0.13335,0.084679,0.0057205,0.014979,0.00052892
0.094671,0.08558,0.013786,0.081525,0.061245,0.13718,0.13072,0.080645,0.010463,0.10847,0.092851,0.085886,0.14827,0.028243,0.10679,0.11154,0.05757,0.038483,0.043952,0.05714,0.065602,0.13685,0.10706,0.10395,0.1072,0.067207,0.13957,0.11666,0.056354,0.10557,0.083902,0.08629,0.066211,0.14913,0.022609,0.0068345,0.09529,0.035076,0.10195,0.0032723,0.14771,0.14145,0.11351,0.12306,0.08177,0.097773,0.053507,0.1359,0.098199,0.043323,0.042629,0.10422,0.061446,0.028251,0.075743,0.0035768,0.072914,0.14813,0.029455,0.13183
0.04923,0.020711,0.14814,0.012348,0.10157,0.11829,0.10017,0.025823,0.091406,0.11012,0.12365,0.056191,0.081853,0.026486,0.10998,0.019223,0.084171,0.093503,0.029389,0.1283,0.0062916,0.098262,0.13486,0.086759,0.14623,0.12474,0.14563,0.13015,0.048265,0.098722,0.097957,0.13168,0.028993,0.049109,0.00056558,0.10267,0.13187,0.1305,0.036072,0.14466,0.12051,0.057173,0.0058132,0.071364,0.10933,0.0057202,0.030313,0.13109,0.10538,0.09867,0.078832,0.088725,0.13415,0.012676,0.13954,0.0084609,0.12241,0.083864,0.08249,0.0089052
0.039729,0.089329,0.0046579,0.097032,0.13277,0.00028089,0.070213,0.021472,0.044941,0.0073021,0.065109,0.046848,0.12627,0.088765,0.093699,0.065564,0.082947,0.078606,0.14566,0.067525,0.14573,0.074843,0.067087,0.093385,0.011884,0.13543,0.045267,0.096119,0.0082665,0.10213,0.092955,0.028728,0.040091,0.026856,0.10392,0.051653,0.0040128,0.075692,0.068936,0.14498,0.13182,0.036941,0.051261,0.038369,0.10095,0.10857,0.086906,0.086708,0.059535,0.061563,0.13698,0.10236,0.018135,0.053857,0.072864,0.11347,0.13956,0.03077,0.027366,0.13549
0.039875,0.13335,0.055039,0.097074,0.13149,0.087856,0.0041371,0.14703,0.074145,0.068766,0.015458,0.10808,0.093195,0.014,0.10452,0.11177,0.092945,0.14534,0.1348,0.13164,0.14363,0.11163,0.1391,0.046804,0.09214,0.0083169,0.039974,0.010472,0.086375,0.10258,0.1033,0.029274,0.14332,0.047987,0.13494,0.13949,0.0403,0.11862,0.068419,0.13861,0.11338,0.064295,0.084296,0.042881,0.088878,0.055445,0.14863,0.060416,0.015546,0.013711,0.079461,0.1191,0.067775,0.036056,0.13588,0.09916,0.066044,0.0024208,0.13961,0.12518
0.053414,0.12708,0.049132,0.10216,0.035201,0.10112,0.017483,0.039598,0.0021887,0.025808,0.046588,0.015362,0.11014,0.13038,0.0082112,0.024693,0.041137,0.0040163,0.055625,0.052911,0.083412,0.035912,0.00041783,0.0077118,0.057013,0.11304,0.1329,0.1335,0.11736,0.11711,0.080747,0.12972,0.14522,0.10292,0.022198,0.048962,0.12868,0.0078126,0.07954,0.047705,0.013082,0.028117,0.1126,0.03815,0.028871,0.053083,0.0037937,0.027365,0.067155,0.054399,0.054795,0.09748,0.12491,0.14314,0.10862,0.13249,0.030772,0.034072,0.1402,0.016775
0.10056,0.14073,0.018192,0.074343,0.14505,0.022034,0.048003,0.064316,0.0063482,0.091618,0.01204,0.12098,0.13297,0.10066,0.063848,0.056895,0.0057484,0.045998,0.028487,0.084074,0.089903,0.053764,0.12224,0.058266,0.11998,0.11182,0.11275,0.12379,0.048744,0.044588,0.10887,0.10288,0.093076,0.00029703,0.030162,0.07861,0.045363,0.070992,0.020727,0.092983,0.10119,0.11587,0.10961,0.14665,0.080734,0.14548,0.08051,0.13642,0.059941,0.075449,0.09758,0.045354,0.089329,0.11952,0.13676,0.016133,0.096625,0.029527,0.012438,0.098944
0.096441,0.10373,0.079326,0.10683,0.02091,0.081964,0.096429,0.13906,0.055867,0.14568,0.09563,0.026622,0.064568,0.059702,0.026527,0.13958,0.054766,0.055398,0.018081,0.050306,0.12253,0.13963,0.08287,0.09265,0.094721,0.13013,0.010137,0.1206,0.017424,0.10463,0.038773,0.015404,0.051594,0.026547,0.094662,0.11749,0.042369,0.096612,0.041243,0.03607,0.028196,0.14,0.048367,0.10573,0.042814,0.090754,0.12183,0.061339,0.045787,0.036706,0.062501,0.14702,0.087359,0.12381,0.14944,0.11764,0.05262,0.0042842,0.049691,0.0090093
0.047751,0.108,0.10868,0.14896,0.036903,0.015808,0.12625,0.098142,0.054081,0.010385,0.052652,0.11037,0.14056,0.011931,0.072593,0.020765,0.089387,0.013618,0.089886,0.12009,0.033537,0.088325,0.14951,0.076808,0.088363,0.044961,0.077138,0.11845,0.12079,0.047168,0.1223,0.10841,0.12058,0.038035,0.063961,0.079208,0.075611,0.056169,0.069072,0.10508,0.1184,0.026307,0.024037,0.1281,0.026916,0.11787,0.11904,0.073387,0.12523,0.12445,0.060304,0.12583,0.0070314,0.056203,0.13173,0.012504,0.03186,0.061153,0.1113,0.073795
0.10088,0.1337,0.012783,0.11068,0.11549,0.078792,0.087695,0.03628,0.041491,0.070132,0.056062,0.12263,0.11065,0.047875,0.027222,0.066907,0.093606,0.06798,0.086698,0.066688,0.032637,0.10212,0.064569,0.085992,0.024606,0.071447,0.057661,0.07014,0.015948,0.011778,0.13058,0.10501,0.0026315,0.10034,0.14606,0.14437,0.054907,0.039237,0.043793,0.12873,0.10426,0.030346,0.096075,0.049934,0.12672,0.084736,0.057786,0.028465,0.054736,0.10297,0.082894,0.12111,0.056137,0.029263,0.042407,0.11266,0.037537,0.043288,0.074519,0.00080984
0.10949,0.0027898,0.034487,0.038701,0.027552,0.14869,0.083539,0.14451,0.013737,0.091213,0.12935,0.080373,0.13044,0.044309,0.031932,0.053158,0.13431,0.057397,0.14231,0.14565,0.024542,0.044656,0.12149,0.12833,0.0171,0.1288,0.11085,0.096778,0.027443,0.091326,0.10493,0.076158,0.052005,0.12431,0.011035,0.065158,0.081799,0.023233,0.034476,0.077526,0.12719,0.13348,0.026883,0.0061298,0.068819,0.12625,0.050648,0.018562,0.021611,0.11327,0.026994,0.14886,0.13398,0.11543,0.11846,0.12801,0.081002,0.14672,0.093272,0.050185
0.070728,0.089659,0.10583,0.081281,0.050176,0.052742,0.034647,0.074128,0.053077,0.12769,0.032164,0.086746,0.10894,0.091688,0.10331,0.10433,0.13814,0.053986,0.011908,0.13818,0.011551,0.078663,0.056249,0.14454,0.11294,0.11228,0.073007,0.078639,0.14122,0.087087,0.053648,0.086339,0.078748,0.12569,0.14432,0.12306,0.051122,0.0085768,0.061489,0.096063,0.069686,0.076384,0.011496,0.029799,0.13684,0.093048,0.13277,0.040821,0.038062,0.088929,0.11321,0.14098,0.0926,0.067122,0.04226,0.14059,0.037905,0.038583,0.033404,0.042428
0.088614,0.13495,0.0050523,0.1405,0.06593,0.14624,0.13624,0.024689,0.030253,0.080134,0.085138,0.073323,0.081673,0.083434,0.056316,0.055273,0.13444,0.04002,0.09674,0.091844,0.041303,0.051969,0.13887,0.032804,0.10277,0.037385,0.041159,0.095373,0.0179,0.0068981,0.053376,0.022492,0.076204,0.081296,0.0015685,0.12893,0.11591,0.11699,0.005668,0.10366,0.13127,0.10842,0.063051,0.0602,0.14688,0.14843,0.062155,0.044066,0.12104,0.0054877,0.13152,0.13171,0.11584,0.069455,0.11044,0.070669,0.11372,0.077635,0.088926,0.099958
0.054997,0.12428,0.14314,0.033074,0.11361,0.062478,0.0097325,0.031163,0.10341,0.0010575,0.034182,0.0034793,0.14384,0.02541,0.025992,0.061462,0.0032111,0.090352,0.14376,0.12827,0.023713,0.071595,0.025356,0.10851,0.024292,0.1273,0.019231,0.11815,0.068036,0.013059,0.066091,0.039918,0.060607,0.12709,0.03526,0.059582,0.0080932,0.043752,0.035522,0.06117,0.069679,0.063803,0.024436,0.090754,0.077467,0.071374,0.040413,0.0088572,0.024583,0.0059534,0.12184,0.026931,0.057344,0.0063425,0.10927,0.14927,0.022422,0.11887,0.10649,0.086658
0.012994,0.017403,0.00042282,0.084645,0.11371,0.018177,0.081131,0.0087689,0.14776,0.023241,0.067763,0.12165,0.049027,0.035839,0.11036,0.03332,0.078262,0.13563,0.0045446,0.086164,0.060807,0.022185,0.022149,0.072406,0.0028154,0.081841,0.055393,0.013055,0.04156,0.0055691,0.12875,0.13494,0.012424,0.12961,0.07013,0.11042,0.043306,0.11168,0.14504,0.099755,0.0070616,0.014742,0.028787,0.093453,0.064274,0.0053367,0.0082204,0.12448,0.032252,0.02068,0.14809,0.11461,0.10407,0.053601,0.071064,0.092309,0.081137,0.023528,0.14662,0.074209
0.14161,0.044238,0.12824,0.040678,0.11761,0.032408,0.018503,0.13758,0.1132,0.045,0.11649,0.093277,0.1432,0.069597,0.13429,0.099484,0.031123,0.14811,0.094444,0.09985,0.1236,0.1092,0.059983,0.062814,0.051754,0.0056775,0.10869,0.11275,0.027534,0.044605,0.078584,0.1062,0.06825,0.069384,0.054475,0.11247,0.12851,0.10677,0.016309,0.046142,0.096525,0.047024,0.14427,0.11842,0.024638,0.011131,0.0061009,0.023599,0.00033231,0.017253,0.13923,0.02063,0.12533,0.14218,0.046779,0.041433,0.11398,0.14894,0.099432,0.08693
0.093886,0.12324,0.016962,0.055828,0.046432,0.096443,0.041371,0.038254,0.076291,0.094061,0.11056,0.11332,0.10216,0.14143,0.062016,0.067062,0.13774,0.12467,0.10586,0.035408,0.0082624,0.084441,0.0033236,0.034825,0.063457,0.093358,0.035696,0.086002,0.14773,0.092556,0.0010661,0.10343,0.11605,0.072282,0.06041,0.12143,0.11391,0.063294,0.056914,0.093077,0.12806,0.11493,0.10347,0.075486,0.1008,0.10443,0.045336,0.11833,0.031771,0.092692,0.052047,0.049763,0.082211,0.046596,0.095231,0.076002,0.095295,0.13688,0.00030118,0.012152
0.12994,0.06278,0.034154,0.043434,0.091925,0.14747,0.12973,0.011634,0.13322,0.013233,0.0096846,0.072131,0.036084,0.10525,0.11969,0.10762,0.098556,0.027133,0.10061,0.084534,0.10628,0.1437,0.075266,0.11038,0.092328,0.10142,0.058349,0.034056,0.085272,0.0014075,0.07937,0.046513,0.02908,0.072119,0.13136,0.022064,0.092854,0.088421,0.085298,0.14551,0.048454,0.14666,0.11401,0.12734,0.02855,0.081304,0.1295,0.12681,0.056325,0.052448,0.055124,0.0055782,0.088541,0.071368,0.087177,0.14501,0.077845,0.074443,0.1441,0.021305
0.081192,0.065996,0.024492,0.14966,0.055231,0.12593,0.0058262,0.090378,0.033705,0.077834,0.033485,0.10608,0.09636,0.061089,0.12082,0.12566,0.073018,0.05007,0.12321,0.08737,0.07039,0.0011033,0.043598,0.02818,0.053602,0.018976,0.14105,0.0093733,0.04454,0.10219,0.085348,0.048166,0.064999,0.1128,0.044765,0.1405,0.14367,0.035654,0.13747,0.060362,0.029534,0.098647,0.12785,0.099796,0.11881,0.13446,0.059287,0.070401,0.014862,0.13023,0.017295,0.13849,0.018574,0.0031812,0.01393,0.061726,0.065592,0.13029,0.12062,0.033887
0.12053,0.10967,0.081616,0.048637,0.065327,0.053245,0.14529,0.016317,0.043185,0.14311,0.089239,0.11854,0.021898,0.02096,0.13998,0.10133,0.14862,0.056742,0.055249,0.024396,0.027633,0.077219,0.028576,0.10838,0.12593,0.097397,0.029916,0.070083,0.14682,0.093491,0.045687,0.041759,0.016549,0.051696,0.13128,0.039961,0.081698,0.081373,0.0027884,0.053383,0.13251,0.0030051,0.14459,0.076338,0.070566,0.048597,0.015789,0.14369,0.095194,0.091422,0.12605,0.12028,0.13632,0.064422,0.077277,0.021254,0.0091465,0.12922,0.13272,0.0049642
0.1272,0.12451,0.035597,0.033314,0.1054,0.038868,0.13066,0.11506,0.022103,0.077957,0.12429,0.1147,0.042802,0.0406,0.11344,0.020417,0.073563,0.091135,0.021876,0.092793,0.086954,0.044735,0.13186,0.13798,0.008503,0.13883,0.078267,0.020633,0.090845,0.014936,0.024693,0.036799,0.13721,0.01887,0.036585,0.10938,0.0027967,0.094755,0.043779,0.12553,0.11745,0.056326,0.11314,0.042382,0.013533,0.014546,0.12977,0.095659,0.13302,0.070354,0.08234,0.054843,0.0062847,0.12446,0.11588,0.068745,0.067432,0.14207,0.05322,0.03416
0.020131,0.11843,0.12673,0.0011177,0.13259,0.14736,0.02513,0.027832,0.14229,0.090951,0.13418,0.10346,0.047607,0.031478,0.072969,0.12682,0.11491,0.085057,0.13582,0.06671,0.14658,0.088894,0.019074,0.031644,0.034765,0.021615,0.13575,0.084088,0.037243,0.14687,0.046494,0.042478,0.091848,0.069668,0.022671,0.12571,0.026986,0.11198,0.0084239,0.093978,0.13434,0.10018,0.0095071,0.068324,0.1427,0.036429,0.0181,0.11715,0.057071,0.12871,0.036733,0.12802,0.091702,0.076262,0.087399,0.064045,0.1374,0.044372,0.076038,0.069534
